<?xml version="1.0" encoding="utf-8"?>
<Defs>

  <HediffDef ParentName="InfectionBase">
    <defName>CA_Headache</defName>
    <label>Headache</label>
	<description>Headache</description>
    <makesSickThought>false</makesSickThought>
    <lethalSeverity>-1.0</lethalSeverity>
    <tendable>false</tendable>
    <defaultLabelColor>(0.32,0.7,0.32)</defaultLabelColor>
    <scenarioCanAdd>false</scenarioCanAdd>
    <maxSeverity>1.0</maxSeverity>
	<isBad>false</isBad>
    <comps>
    	<li Class="HediffCompProperties_SeverityPerDay">
    		<severityPerDay>-0.95</severityPerDay>
      	</li>
		<li Class="HediffCompProperties_Immunizable">
			<severityPerDayNotImmune>0.00</severityPerDayNotImmune>
		</li>
		<li Class="ComAil.HediffCompProperties_CACure">
			<CureHoursMin>1</CureHoursMin>
			<CureHoursMax>2</CureHoursMax>
		</li>
    </comps>	
    <stages>
      <li>
		<lifeThreatening>false</lifeThreatening>
		<statOffsets>
			<GlobalLearningFactor>-0.02</GlobalLearningFactor>
			<PsychicSensitivity>+0.01</PsychicSensitivity>
			<ResearchSpeed>-0.02</ResearchSpeed>
		</statOffsets>
		<painOffset>0.02</painOffset>
        <capMods>
			<li>
            		<capacity>Manipulation</capacity>
            		<offset>-0.02</offset>
          	</li>
        </capMods>
      </li>
      <li>
		<lifeThreatening>false</lifeThreatening>
		<statOffsets>
			<GlobalLearningFactor>-0.03</GlobalLearningFactor>
			<PsychicSensitivity>+0.015</PsychicSensitivity>
			<ResearchSpeed>-0.03</ResearchSpeed>
		</statOffsets>
        <minSeverity>0.777</minSeverity>
       	<painOffset>0.03</painOffset>
        <capMods>
			<li>
            		<capacity>Manipulation</capacity>
            		<offset>-0.03</offset>
          	</li>
        </capMods>
      </li>
    </stages>
  </HediffDef>

</Defs>
