<?xml version="1.0" encoding="utf-8"?>
<Patch>

<Operation Class="PatchOperationFindMod">
	<mods>
		<li>Diseases Overhauled</li>
	</mods>
	<match Class="PatchOperationSequence">
	<success>Always</success>
	<operations>
		<li Class="PatchOperationConditional">
			<xpath>/Defs/HediffDef[defName="MortracainHigh"]/stages//makeImmuneTo</xpath>
			<match Class="PatchOperationAdd">
			<xpath>/Defs/HediffDef[defName="MortracainHigh"]/stages//makeImmuneTo</xpath>
			<value>
					<li>CA_Headache</li>
					<li>CA_Migraine</li>
					<li>CA_PhantomPain</li>
			</value>
			</match>
			<nomatch Class="PatchOperationAdd">
			<xpath>/Defs/HediffDef[defName="MortracainHigh"]/stages/li</xpath>
			<value>
				<makeImmuneTo>
					<li>CA_Headache</li>
					<li>CA_Migraine</li>
					<li>CA_PhantomPain</li>
				</makeImmuneTo>
			</value>
			</nomatch>
		</li>
		<li Class="PatchOperationConditional">
			<xpath>/Defs/HediffDef[defName="TranquiazepinHigh"]/stages//makeImmuneTo</xpath>
			<match Class="PatchOperationAdd">
			<xpath>/Defs/HediffDef[defName="TranquiazepinHigh"]/stages//makeImmuneTo</xpath>
			<value>
					<li>CA_Restless</li>
			</value>
			</match>
			<nomatch Class="PatchOperationAdd">
			<xpath>/Defs/HediffDef[defName="TranquiazepinHigh"]/stages/li</xpath>
			<value>
				<makeImmuneTo>
					<li>CA_Restless</li>
				</makeImmuneTo>
			</value>
			</nomatch>
		</li>
		<li Class="PatchOperationConditional">
			<xpath>/Defs/HediffDef[defName="TritoxylonHigh"]/stages//makeImmuneTo</xpath>
			<match Class="PatchOperationAdd">
			<xpath>/Defs/HediffDef[defName="TritoxylonHigh"]/stages//makeImmuneTo</xpath>
			<value>
					<li>CA_SoreThroat</li>
					<li>CA_SkinRash</li>
					<li>CA_Conjunctivitis</li>
					<li>CA_Minor_STD</li>
			</value>
			</match>
			<nomatch Class="PatchOperationAdd">
			<xpath>/Defs/HediffDef[defName="TritoxylonHigh"]/stages/li</xpath>
			<value>
				<makeImmuneTo>
					<li>CA_SoreThroat</li>
					<li>CA_SkinRash</li>
					<li>CA_Conjunctivitis</li>
					<li>CA_Minor_STD</li>
				</makeImmuneTo>
			</value>
			</nomatch>
		</li>
		<li Class="PatchOperationConditional">
			<xpath>/Defs/HediffDef[defName="VegetableBrothHigh"]/stages//makeImmuneTo</xpath>
			<match Class="PatchOperationAdd">
			<xpath>/Defs/HediffDef[defName="VegetableBrothHigh"]/stages//makeImmuneTo</xpath>
			<value>
					<li>CA_CommonCold</li>
					<li>CA_Indigestion</li>
			</value>
			</match>
			<nomatch Class="PatchOperationAdd">
			<xpath>/Defs/HediffDef[defName="VegetableBrothHigh"]/stages/li</xpath>
			<value>
				<makeImmuneTo>
					<li>CA_CommonCold</li>
					<li>CA_Indigestion</li>
				</makeImmuneTo>
			</value>
			</nomatch>
		</li>
	</operations>
	</match>
</Operation>

</Patch>